,0,1
0,ABbacavir,Abacavir
1,AbacavirAbacavir,Abacavir
2,AbacavRrAbacavir,Abacavir
3,AbacaIir,Abacavir
4,Abaocavir/lamivudine,Abacavir/lamivudine
5,Abaocavir/lamJivudine,Abacavir/lamivudine
6,Abcavir/lamivudine,Abacavir/lamivudine
7,Abcavir/laivudine,Abacavir/lamivudine
8,Abirateroe,Abiraterone
9,Abiaterone,Abiraterone
10,Abirarerone,Abiraterone
11,Acetzolamide,Acetazolamide
12,Acetazolmide,Acetazolamide
13,cetic acid,Acetic acid
14,cetic acd,Acetic acid
15,Bcetic acid,Acetic acid
16,Acetylysteine,Acetylcysteine
17,Acetylystine,Acetylcysteine
18,Acetnlcysteine,Acetylcysteine
19,AcetnlcPsteine,Acetylcysteine
20,AcetylsalVcylic acid,Acetylsalicylic acid
21,Acetylsalicylic acd,Acetylsalicylic acid
22,AcicloWvir,Aciclovir
23,AAcicloWvir,Aciclovir
24,AdalimumaIb,Adalimumab
25,AdalimwumaIb,Adalimumab
26,Adaliumab,Adalimumab
27,Adaliuab,Adalimumab
28,Albendzole,Albendazole
29,AlbendzolAlbendzole,Albendazole
30,AlbendazAole,Albendazole
31,Alcobol based hand rub,Alcohol based hand rub
32,ll-trans retinoic acid,All-trans retinoic acid
33,ll-transretinoic acid,All-trans retinoic acid
34,All-tranqs retinoic acid,All-trans retinoic acid
35,All-tranqs retinoic Wacid,All-trans retinoic acid
36,Allpurinol,Allopurinol
37,Allprinol,Allopurinol
38,AlteplaVse,Alteplase
39,AlteIlase,Alteplase
40,AmidotrizoNate,Amidotrizoate
41,AmidotrizoNIate,Amidotrizoate
42,AmikacJin,Amikacin
43,AmikacxJin,Amikacin
44,AWikacin,Amikacin
45,ADikacin,Amikacin
46,Amilorie,Amiloride
47,Amilrie,Amiloride
48,Amiodaone,Amiodarone
49,Amiydarone,Amiodarone
50,AZmitriptyline,Amitriptyline
51,AmiOriptyline,Amitriptyline
52,AmiOriptylBne,Amitriptyline
53,AmloKipine,Amlodipine
54,AmQoKipine,Amlodipine
55,Amlodipmine,Amlodipine
56,Amlokdipmine,Amlodipine
57,Amodiaquinze,Amodiaquine
58,Amodiaquinzie,Amodiaquine
59,AmodiIquine,Amodiaquine
60,AmodhIquine,Amodiaquine
61,AmodiaqKine,Amodiaquine
62,Amoxicilin,Amoxicillin
63,AmoxiciliAmoxicilin,Amoxicillin
64,AmYoxicillin,Amoxicillin
65,Amoxcillin,Amoxicillin
66,Amoxillin,Amoxicillin
67,AmoxiciOlin/clavulanic acid,Amoxicillin/clavulanic acid
68,AmoxiciOlin/clavulanic acivAmoxiciOlin/clavulanic acid,Amoxicillin/clavulanic acid
69,Amoxicillin/clavulanic acivAmoxicillin/clavulanic acid,Amoxicillin/clavulanic acid
70,Amoxicillin/Nlavulanic acivAmoxicillin/clavulanic acid,Amoxicillin/clavulanic acid
71,AGmphotericin B,Amphotericin B
72,AGmphotericHin B,Amphotericin B
73,Aphotericin B,Amphotericin B
74,Apicillin,Ampicillin
75,ApicilliApicillin,Ampicillin
76,AnastrozoTe,Anastrozole
77,AnaOtrozoTe,Anastrozole
78,AnastrLozole,Anastrozole
79,AnastroAole,Anastrozole
80,AnasLroAole,Anastrozole
81,Anti-rabies immunoglobElin,Anti-rabies immunoglobulin
82,Anti-rabies impunoglobulin,Anti-rabies immunoglobulin
83,AntiNrabies impunoglobulin,Anti-rabies immunoglobulin
84,Apnti-rabies immunoglobulin,Anti-rabies immunoglobulin
85,Anti-tetanus immunoglbulin,Anti-tetanus immunoglobulin
86,Anti-tetanus immunogobulin,Anti-tetanus immunoglobulin
87,Anti-tetaus immunogobulin,Anti-tetanus immunoglobulin
88,Antivenom imQunoglobulin,Antivenom immunoglobulin
89,Anivenom immunoglobulin,Antivenom immunoglobulin
90,ApreKitant,Aprepitant
91,Apepitant,Aprepitant
92,Asenic trioxide,Arsenic trioxide
93,ArtemeVher,Artemether
94,Artemetier,Artemether
95,Artemether/lumefantrine,Artemether/lumefantrine
96,Artemether/lumfantrine,Artemether/lumefantrine
97,Artmether/lumfantrine,Artemether/lumefantrine
98,Arhtesunate,Artesunate
99,ArhtesuAnate,Artesunate
100,ArtesunatzArtesunate,Artesunate
101,Artesunte,Artesunate
102,Artesunate/amodiagquine,Artesunate/amodiaquine
103,Artesunate/camodiagquine,Artesunate/amodiaquine
104,Artesunate/mefloUuine,Artesunate/mefloquine
105,Artesunate/meloquine,Artesunate/mefloquine
106,Artesunate/meflotquine,Artesunate/mefloquine
107,Artesunate/pyronaridine teraphosphate,Artesunate/pyronaridine tetraphosphate
108,Artesunae/pyronaridine teraphosphate,Artesunate/pyronaridine tetraphosphate
109,Akrtesunate/pyronaridine tetraphosphate,Artesunate/pyronaridine tetraphosphate
110,Artesunate/pyronaridine tetraKhosphate,Artesunate/pyronaridine tetraphosphate
111,ArtesunYte/pyronaridine tetraKhosphate,Artesunate/pyronaridine tetraphosphate
112,Ascorbic aGid,Ascorbic acid
113,Asaraginase,Asparaginase
114,Asaragnase,Asparaginase
115,Asparraginase,Asparaginase
116,AsparraginaXse,Asparaginase
117,Atazanavir/ritYnavir,Atazanavir/ritonavir
118,AtracuriCm,Atracurium
119,AtraLuriCm,Atracurium
120,Atracurim,Atracurium
121,Atopine,Atropine
122,AtrGopine,Atropine
123,AtrGoEpine,Atropine
124,AtrAopine,Atropine
125,Azathiopgrine,Azathioprine
126,Azatyhiopgrine,Azathioprine
127,Azathikoprine,Azathioprine
128,PAzathioprine,Azathioprine
129,AGithromycin,Azithromycin
130,AGivhromycin,Azithromycin
131,Azithrolycin,Azithromycin
132,Azithrolylin,Azithromycin
133,Barium sulate,Barium sulfate
134,Barium sulae,Barium sulfate
135,Bariu sulfate,Barium sulfate
136,ariu sulfate,Barium sulfate
137,Oarium sulfate,Barium sulfate
138,Oarium sulfUte,Barium sulfate
139,aCG vaccine,BCG vaccine
140,Bedaquisine,Bedaquiline
141,Uedaquiline,Bedaquiline
142,BendamustinzBendamustine,Bendamustine
143,endamustine,Bendamustine
144,Benzathine benzylpeicillin,Benzathine benzylpenicillin
145,Benzathine benzylpenicilltin,Benzathine benzylpenicillin
146,Benzathinse benzylpenicilltin,Benzathine benzylpenicillin
147,BenzathiNe benzylpenicillin,Benzathine benzylpenicillin
148,BenzathiNe benzylpeiicillin,Benzathine benzylpenicillin
149,Benzniazole,Benznidazole
150,Benznidazle,Benznidazole
151,enznidazle,Benznidazole
152,Benzidazole,Benznidazole
153,senzoyl peroxide,Benzoyl peroxide
154,Banzoyl peroxide,Benzoyl peroxide
155,Benzoyl peroide,Benzoyl peroxide
156,Benoyl peroide,Benzoyl peroxide
157,Benzyl benpoate,Benzyl benzoate
158,Benzyl benToate,Benzyl benzoate
159,Benzyl bengzoate,Benzyl benzoate
160,Bejnzyl bengzoate,Benzyl benzoate
161,Benzylpenicilin,Benzylpenicillin
162,Benzlpenicilin,Benzylpenicillin
163,Betamehasone,Betamethasone
164,Betamethnsone,Betamethasone
165,BetamethnsAne,Betamethasone
166,Bevbacizumab,Bevacizumab
167,Bevbacizukmab,Bevacizumab
168,lBevacizumab,Bevacizumab
169,lBevacizuKmab,Bevacizumab
170,Bevaczumab,Bevacizumab
171,Bicalurtamide,Bicalutamide
172,BicaYlurtamide,Bicalutamide
173,BicalButamide,Bicalutamide
174,Biperidgen,Biperiden
175,Biperildgen,Biperiden
176,Biperidn,Biperiden
177,Bieridn,Biperiden
178,BisoprolSl,Bisoprolol
179,BisoprolDl,Bisoprolol
180,BisoproClol,Bisoprolol
181,BisoproCJlol,Bisoprolol
182,Bsoprolol,Bisoprolol
183,Bleomyin,Bleomycin
184,BlJomycin,Bleomycin
185,ortezomib,Bortezomib
186,Bortezomirb,Bortezomib
187,Bortezonmirb,Bortezomib
188,BoEtezomib,Bortezomib
189,BzEtezomib,Bortezomib
190,HBudesonide,Budesonide
191,Fudesonide,Budesonide
192,FudesZnide,Budesonide
193,Budesonid/formoterol,Budesonide/formoterol
194,Budesonid/formoteol,Budesonide/formoterol
195,Buivacaine,Bupivacaine
196,BupivacainNBupivacaine,Bupivacaine
197,Bbupropion,Bupropion
198,Bbyupropion,Bupropion
199,BuJropion,Bupropion
200,WuJropion,Bupropion
201,Pupropion,Bupropion
202,Caffeine citratZCaffeine citrate,Caffeine citrate
203,Caffeine citratZCafLeine citrate,Caffeine citrate
204,Caffeine citraRe,Caffeine citrate
205,CalAamine,Calamine
206,Malamine,Calamine
207,Cealamine,Calamine
208,Cealavmine,Calamine
209,CalcipoRtriol,Calcipotriol
210,COalcipoRtriol,Calcipotriol
211,Calaipotriol,Calcipotriol
212,alcium,Calcium
213,CalciuzCalcium,Calcium
214,Calium,Calcium
215,Calcium foliWnate,Calcium folinate
216,Calcium folipWnate,Calcium folinate
217,Calcium folinOte,Calcium folinate
218,Cacium folinate,Calcium folinate
219,Ccium folinate,Calcium folinate
220,Calcium gluconatMe,Calcium gluconate
221,Calciuam gluconatMe,Calcium gluconate
222,Calciuem gluconate,Calcium gluconate
223,Clcium gluconate,Calcium gluconate
224,Clcium gluonate,Calcium gluconate
225,Cavpecitabine,Capecitabine
226,CavpecTitabine,Capecitabine
227,Capecgitabine,Capecitabine
228,Capcitabine,Capecitabine
229,apcitabine,Capecitabine
230,CarbamazepiNe,Carbamazepine
231,Carbamazepide,Carbamazepine
232,Carbeiocin,Carbetocin
233,Carbenocin,Carbetocin
234,CarbHnocin,Carbetocin
235,JCarboplatin,Carboplatin
236,Cefaaexin,Cefalexin
237,Cefaaeain,Cefalexin
238,Cefalehxin,Cefalexin
239,Cefealehxin,Cefalexin
240,Cefaolin,Cefazolin
241,CBefazolin,Cefazolin
242,CBefazolHin,Cefazolin
243,CefiderocGl,Cefiderocol
244,CeHiderocGl,Cefiderocol
245,Cefiderocol,Cefiderocol
246,CefixJme,Cefixime
247,nefixJme,Cefixime
248,efixime,Cefixime
249,Cefrixime,Cefixime
250,Cwefrixime,Cefixime
251,Cefothxime,Cefotaxime
252,CJfothxime,Cefotaxime
253,CefotaKime,Cefotaxime
254,CefLotaxime,Cefotaxime
255,CefLSotaxime,Cefotaxime
256,Cefcazidime,Ceftazidime
257,CefcazidimdCefcazidime,Ceftazidime
258,Ceftabidime,Ceftazidime
259,CeftabidLme,Ceftazidime
260,Ceftazidime/avibacotam,Ceftazidime/avibactam
261,Ceftazidimeu/avibacotam,Ceftazidime/avibactam
262,CeftaDidime/avibactam,Ceftazidime/avibactam
263,CeftaDidime/vvibactam,Ceftazidime/avibactam
264,Ceftazidime/aqvibactam,Ceftazidime/avibactam
265,Ceftazidicme/aqvibactam,Ceftazidime/avibactam
266,Cfftriaxone,Ceftriaxone
267,Ceftiaxone,Ceftriaxone
268,Ceftriacxone,Ceftriaxone
269,CXeftriacxone,Ceftriaxone
270,Cefuoxime,Cefuroxime
271,CefuroximtCefuroxime,Cefuroxime
272,CdfuroximtCefuroxime,Cefuroxime
273,Cfuroxime,Cefuroxime
274,"Charcoal,activated","Charcoal, activated"
275,"Charcoal, activatjed","Charcoal, activated"
276,"Charcoal, activaZtjed","Charcoal, activated"
277,ChlorambucikChlorambucil,Chlorambucil
278,Chorambucil,Chlorambucil
279,ChlorambuGil,Chlorambucil
280,ChlorampCenicol,Chloramphenicol
281,ChloramUphenicol,Chloramphenicol
282,Chlorampheniccol,Chloramphenicol
283,Chlorheidine,Chlorhexidine
284,Chlorhexiine,Chlorhexidine
285,Chlohexidine,Chlorhexidine
286,Chohexidine,Chlorhexidine
287,Chlorine base comfound,Chlorine base compound
288,Chlorine basehcomfound,Chlorine base compound
289,Chlorine base comHound,Chlorine base compound
290,ChloroquGne,Chloroquine
291,ChloroauGne,Chloroquine
292,Chloroquie,Chloroquine
293,Chloroxyenol,Chloroxylenol
294,mChloroxylenol,Chloroxylenol
295,Chlorpromaozine,Chlorpromazine
296,Chlorprosazine,Chlorpromazine
297,Chborprosazine,Chlorpromazine
298,Chmlorpromazine,Chlorpromazine
299,CholRra vaccine,Cholera vaccine
300,Ciclosporion,Ciclosporin
301,Ciproloxacin,Ciprofloxacin
302,Ciprofjloxacin,Ciprofloxacin
303,Ciprofjljoxacin,Ciprofloxacin
304,Ciprofoxacin,Ciprofloxacin
305,iprofoxacin,Ciprofloxacin
306,Cisvlatin,Cisplatin
307,qisvlatin,Cisplatin
308,Clarithromyin,Clarithromycin
309,Clarihromyin,Clarithromycin
310,Clindamyyin,Clindamycin
311,ClindamyyimClindamyyin,Clindamycin
312,Clijndamycin,Clindamycin
313,ClindamyciClindamycin,Clindamycin
314,Clofazsimine,Clofazimine
315,ClomiprQamine,Clomipramine
316,ClomiprOQamine,Clomipramine
317,Clomipqramine,Clomipramine
318,ClomipqraminCe,Clomipramine
319,Clipidogrel,Clopidogrel
320,ClipidogreLClipidogrel,Clopidogrel
321,Clotimazole,Clotrimazole
322,Clotrimazoe,Clotrimazole
323,Coxacillin,Cloxacillin
324,Coxacllin,Cloxacillin
325,Clozaine,Clozapine
326,Clgozapine,Clozapine
327,ClgEozapine,Clozapine
328,Coagulation factogr IX,Coagulation factor IX
329,Coaulation factor IX,Coagulation factor IX
330,Coaulation factor VIII,Coagulation factor VIII
331,Coauation factor VIII,Coagulation factor VIII
332,Coagulation factTor VIII,Coagulation factor VIII
333,Coagulation bfactTor VIII,Coagulation factor VIII
334,Coagulation facor VIII,Coagulation factor VIII
335,Coagultion facor VIII,Coagulation factor VIII
336,Coa tar,Coal tar
337,Ca tar,Coal tar
338,Poal tar,Coal tar
339,CoalKtar,Coal tar
340,Codeinde,Codeine
341,CodeIinde,Codeine
342,Codewne,Codeine
343,Oodeine,Codeine
344,OodGine,Codeine
345,Colecaliferol,Colecalciferol
346,Colstin,Colistin
347,olstin,Colistin
348,Colistvin,Colistin
349,HColistvin,Colistin
350,Conboms,Condoms
351,Condms,Condoms
352,CondmCondms,Condoms
353,Codoms,Condoms
354,CyclizinAe,Cyclizine
355,CKyclizine,Cyclizine
356,CKMyclizine,Cyclizine
357,Cycizine,Cyclizine
358,CyVclophosphamide,Cyclophosphamide
359,Cytarabcne,Cytarabine
360,Cytaraine,Cytarabine
361,Cytaaine,Cytarabine
362,DabigatraWn,Dabigatran
363,DabigatrPaWn,Dabigatran
364,DacFarbazine,Dacarbazine
365,DacFarbaziWne,Dacarbazine
366,Dacltasvir,Daclatasvir
367,Dactasvir,Daclatasvir
368,DaclLatasvir,Daclatasvir
369,Paclatasvir/sofosbuvir,Daclatasvir/sofosbuvir
370,Padlatasvir/sofosbuvir,Daclatasvir/sofosbuvir
371,Daclatasvir/soosbuvir,Daclatasvir/sofosbuvir
372,Daclatasvir/soobuvir,Daclatasvir/sofosbuvir
373,actinomycin,Dactinomycin
374,actinomyciactinomycin,Dactinomycin
375,Dapctinomycin,Dactinomycin
376,DactinomyciDactinomycin,Dactinomycin
377,Dapsne,Dapsone
378,Dapsne,Dapsone
379,Dapse,Dapsone
380,TDapsone,Dapsone
381,DarIunavir,Darunavir
382,DarIunjavir,Darunavir
383,DasabHuvir,Dasabuvir
384,DamsabHuvir,Dasabuvir
385,Dnsabuvir,Dasabuvir
386,Dasauuvir,Dasabuvir
387,DasauEvir,Dasabuvir
388,asatinib,Dasatinib
389,Dasatiib,Dasatinib
390,asatiib,Dasatinib
391,Dasatirnib,Dasatinib
392,DasatQirnib,Dasatinib
393,DaunorubiciUn,Daunorubicin
394,Iaunorubicin,Daunorubicin
395,Iauworubicin,Daunorubicin
396,Deferoxeamine,Deferoxamine
397,Deferoxsmine,Deferoxamine
398,Melamanid,Delamanid
399,Melamaiid,Delamanid
400,Delmanid,Delamanid
401,DengueD vaccine,Dengue vaccine
402,Dengues vaccine,Dengue vaccine
403,engue vaccine,Dengue vaccine
404,enge vaccine,Dengue vaccine
405,Desmopwressin,Desmopressin
406,Desmopwrexssin,Desmopressin
407,Desmoypressin,Desmopressin
408,mDexamethasone,Dexamethasone
409,Dexamefthasone,Dexamethasone
410,DexamefthaAsone,Dexamethasone
411,Dextman 70,Dextran 70
412,DextmaW 70,Dextran 70
413,Diqaphragms,Diaphragms
414,Diqaphracgms,Diaphragms
415,Diaphrams,Diaphragms
416,Diaprams,Diaphragms
417,Diaphrams,Diaphragms
418,DiaphramDiaphrams,Diaphragms
419,DiazeAam,Diazepam
420,DiazrAam,Diazepam
421,DCiazepam,Diazepam
422,DCazoxide,Diazoxide
423,MCazoxide,Diazoxide
424,Diazoxmide,Diazoxide
425,DiazoxmidMe,Diazoxide
426,DiazoxSide,Diazoxide
427,DiethylcarbamazinDiethylcarbamazine,Diethylcarbamazine
428,Diethjylcarbamazine,Diethylcarbamazine
429,DiethylcarbamaFine,Diethylcarbamazine
430,DiethylcarbamaFbne,Diethylcarbamazine
431,Digoxn,Digoxin
432,Digxn,Digoxin
433,DigoxiDigoxin,Digoxin
434,Digxin,Digoxin
435,Dihydroartemisinin/piperaquine phophate,Dihydroartemisinin/piperaquine phosphate
436,bihydroartemisinin/piperaquine phosphate,Dihydroartemisinin/piperaquine phosphate
437,bihydroartemisinin/piperaquine phosphaTe,Dihydroartemisinin/piperaquine phosphate
438,DimeSrcaprol,Dimercaprol
439,Diphtheriavaccine,Diphtheria vaccine
440,Diphteriavaccine,Diphtheria vaccine
441,Diiphtheria vaccine,Diphtheria vaccine
442,Diiphtheria vacciNne,Diphtheria vaccine
443,DocetJaxel,Docetaxel
444,DUocetJaxel,Docetaxel
445,Doceaxel,Docetaxel
446,Docusate sodim,Docusate sodium
447,Docusae sodim,Docusate sodium
448,Dolutwgravir,Dolutegravir
449,olutegravir,Dolutegravir
450,Doluttegravir,Dolutegravir
451,DoluttegrDavir,Dolutegravir
452,Dolutbegravir/lamivudine/tenofovir,Dolutegravir/lamivudine/tenofovir
453,Dolutgravir/lamivudine/tenofovir,Dolutegravir/lamivudine/tenofovir
454,opamine,Dopamine
455,oamine,Dopamine
456,Dopaqine,Dopamine
457,DopamEne,Dopamine
458,DrpamEne,Dopamine
459,Doxoyrubicin,Doxorubicin
460,Doxoyruvbicin,Doxorubicin
461,moxorubicin,Doxorubicin
462,moxoruGicin,Doxorubicin
463,Doxycycliue,Doxycycline
464,Doxycycmine,Doxycycline
465,Doxycycbine,Doxycycline
466,Doxycyclile,Doxycycline
467,DoxycyclLle,Doxycycline
468,Efavirbnz,Efavirenz
469,Efavrenz,Efavirenz
470,Efavairenz,Efavirenz
471,Efavirenz/emtricitabine/tenofovr,Efavirenz/emtricitabine/tenofovir
472,Efavirenz/emtrcitabine/tenofovr,Efavirenz/emtricitabine/tenofovir
473,Efavirenz/emtricitabine/tenofovBir,Efavirenz/emtricitabine/tenofovir
474,EfavirenzF/emtricitabine/tenofovir,Efavirenz/emtricitabine/tenofovir
475,Eflornitrine,Eflornithine
476,Rflornitrine,Eflornithine
477,Eflornithjine,Eflornithine
478,Empaglifloin,Empagliflozin
479,Epaglifloin,Empagliflozin
480,Emticitabine/tenofovir,Emtricitabine/tenofovir
481,Emicitabine/tenofovir,Emtricitabine/tenofovir
482,Emtricitaine/tenofovir,Emtricitabine/tenofovir
483,Emtricitain/tenofovir,Emtricitabine/tenofovir
484,EnaJlapril,Enalapril
485,EnaJlaprEil,Enalapril
486,Enlapril,Enalapril
487,Enlpril,Enalapril
488,EnalaprWl,Enalapril
489,EnalapWWl,Enalapril
490,Enoxapain,Enoxaparin
491,Enoxaparhn,Enoxaparin
492,EnoxaparhfEnoxaparhn,Enoxaparin
493,Enoxaplarin,Enoxaparin
494,Enoxyaplarin,Enoxaparin
495,EntecaviMr,Entecavir
496,Ephedrdine,Ephedrine
497,EphSdrine,Ephedrine
498,wphSdrine,Ephedrine
499,Ehedrine,Ephedrine
500,Eedrine,Ephedrine
501,Epinphrine,Epinephrine
502,EpinAphrine,Epinephrine
503,EninAphrine,Epinephrine
504,Equine rabies immunolobulin,Equine rabies immunoglobulin
505,Equinde rabies immunoglobulin,Equine rabies immunoglobulin
506,Ercgocalciferol,Ergocalciferol
507,Ergocaciferol,Ergocalciferol
508,ErgoWcalciferol,Ergocalciferol
509,ErgocWcalciferol,Ergocalciferol
510,Ergometrie,Ergometrine
511,ErgomeBrine,Ergometrine
512,Erlodtinib,Erlotinib
513,Erlotxinib,Erlotinib
514,Erythromyin,Erythromycin
515,Erythromypin,Erythromycin
516,Erythromygin,Erythromycin
517,Erythropoiesis-stimulatin agents,Erythropoiesis-stimulating agents
518,Erythropoiesis-stimuhlating agents,Erythropoiesis-stimulating agents
519,Erythropoiesis-stimuhlKating agents,Erythropoiesis-stimulating agents
520,Estradiol cypionate/medroxyprogesterone acette,Estradiol cypionate/medroxyprogesterone acetate
521,Estradiol cypionate/medroxyprogesterone acete,Estradiol cypionate/medroxyprogesterone acetate
522,Ethambutl,Ethambutol
523,Ethambupol/isoniazid/pyrazinamide/rifampicin,Ethambutol/isoniazid/pyrazinamide/rifampicin
524,Eteambupol/isoniazid/pyrazinamide/rifampicin,Ethambutol/isoniazid/pyrazinamide/rifampicin
525,Ethambutol/isniazid/pyrazinamide/rifampicin,Ethambutol/isoniazid/pyrazinamide/rifampicin
526,Ethambutol/isniazid/pyazinamide/rifampicin,Ethambutol/isoniazid/pyrazinamide/rifampicin
527,Ethambutol/isoniazid/pyrazinamide/rifampiin,Ethambutol/isoniazid/pyrazinamide/rifampicin
528,Ethambutol/isoniazidl/rifampicin,Ethambutol/isoniazid/rifampicin
529,Ethambutol/isoniazidl/rifampiBcin,Ethambutol/isoniazid/rifampicin
530,Ethambutol/isoniazid/rifapicin,Ethambutol/isoniazid/rifampicin
531,Ethambutol/isoniazidI/rifampicin,Ethambutol/isoniazid/rifampicin
532,thanol,Ethanol
533,EthanoEthanol,Ethanol
534,EthanYl,Ethanol
535,Ethinylestradio/etonogestrel,Ethinylestradiol/etonogestrel
536,Ethinylestradiol/levonorgLstrel,Ethinylestradiol/levonorgestrel
537,Ehinylestradiol/levonorgestrel,Ethinylestradiol/levonorgestrel
538,Ehinylestradiol/levonorgestel,Ethinylestradiol/levonorgestrel
539,Ethinylestradiol/leLvonorgestrel,Ethinylestradiol/levonorgestrel
540,Ethinylestradiol/leLvonorgestrRel,Ethinylestradiol/levonorgestrel
541,Ethinylestradiol/norethislterone,Ethinylestradiol/norethisterone
542,Ethinylestradiol/norethislterNone,Ethinylestradiol/norethisterone
543,EthiGnylestradiol/norethisterone,Ethinylestradiol/norethisterone
544,Ethinylestradil/norethisterone,Ethinylestradiol/norethisterone
545,Ethinylestradil/noretisterone,Ethinylestradiol/norethisterone
546,Ethzonamide,Ethionamide
547,EthosuxiRmide,Ethosuximide
548,Ethosuximde,Ethosuximide
549,EthosuximiWde,Ethosuximide
550,EthosuxwimiWde,Ethosuximide
551,EtonogFstrel-releasing implant,Etonogestrel-releasing implant
552,vEtoposide,Etoposide
553,vEtoposride,Etoposide
554,EtoposiMde,Etoposide
555,EtopoRsiMde,Etoposide
556,toposide,Etoposide
557,Eerolimus,Everolimus
558,Eeroimus,Everolimus
559,EKverolimus,Everolimus
560,EKverolifmus,Everolimus
561,EverolimuUEverolimus,Everolimus
562,cverolimuUEverolimus,Everolimus
563,FQentanyl,Fentanyl
564,FentanCl,Fentanyl
565,Fentnyl,Fentanyl
566,Ferkrous salt,Ferrous salt
567,Ferrous salt/folic aTid,Ferrous salt/folic acid
568,Ferrous salt/flic acid,Ferrous salt/folic acid
569,errous salt/flic acid,Ferrous salt/folic acid
570,Fexinqdazole,Fexinidazole
571,Fexqnqdazole,Fexinidazole
572,FilgrastieFilgrastim,Filgrastim
573,FilgraNstim,Filgrastim
574,FilgraNmstim,Filgrastim
575,Filgratim,Filgrastim
576,FluconazoDe,Fluconazole
577,FYluconazole,Fluconazole
578,FYNluconazole,Fluconazole
579,Fluconazle,Fluconazole
580,Fluonazle,Fluconazole
581,Fucytosine,Flucytosine
582,Flucytsine,Flucytosine
583,lucytsine,Flucytosine
584,Flkudarabine,Fludarabine
585,FludaZabine,Fludarabine
586,FlLdaZabine,Fludarabine
587,LFludarabine,Fludarabine
588,LFludarabinae,Fludarabine
589,FludrocTrtisone,Fludrocortisone
590,FluoresceiEn,Fluorescein
591,FluoresceiEIn,Fluorescein
592,Fuoride,Fluoride
593,uoride,Fluoride
594,FluoAride,Fluoride
595,FlRuorouracil,Fluorouracil
596,FluorouCacil,Fluorouracil
597,FluorouraJil,Fluorouracil
598,Flpphenazine,Fluphenazine
599,Fluphenawine,Fluphenazine
600,FolPc acid,Folic acid
601,Folic aGcid,Folic acid
602,FZolic aGcid,Folic acid
603,FomepizolMFomepizole,Fomepizole
604,FomepiDolMFomepizole,Fomepizole
605,FomDpizole,Fomepizole
606,FosJfomycin,Fosfomycin
607,Josfomycin,Fosfomycin
608,Fresh frozen lasma,Fresh frozen plasma
609,Freh frozen lasma,Fresh frozen plasma
610,Fresh frozOen plasma,Fresh frozen plasma
611,Furosemixde,Furosemide
612,Furtosemide,Furosemide
613,HFurtosemide,Furosemide
614,Furosemtide,Furosemide
615,Futrosemtide,Furosemide
616,Gemcitabpine,Gemcitabine
617,Gmcitabine,Gemcitabine
618,Gntamicin,Gentamicin
619,Glass ionomer cemenGlass ionomer cement,Glass ionomer cement
620,Glss ionomer cemenGlass ionomer cement,Glass ionomer cement
621,Glass ionomez cement,Glass ionomer cement
622,GlasU ionomez cement,Glass ionomer cement
623,Glecaprevir/pibreqntasvir,Glecaprevir/pibrentasvir
624,Glecaprevir/pibrenasvir,Glecaprevir/pibrentasvir
625,GliclazidNe,Gliclazide
626,JGlucagon,Glucagon
627,JGlucaAgon,Glucagon
628,GlucagodGlucagon,Glucagon
629,GlucagodGlutagon,Glucagon
630,GlWucagon,Glucagon
631,GlWucagoKn,Glucagon
632,GlucoSe,Glucose
633,Gluose,Glucose
634,GluosGluose,Glucose
635,GlucNse,Glucose
636,GluGtaral,Glutaral
637,Glyceryl rinitrate,Glyceryl trinitrate
638,Glyceryl tkrinitrate,Glyceryl trinitrate
639,Glyceryl tkriEnitrate,Glyceryl trinitrate
640,GlycerXyl trinitrate,Glyceryl trinitrate
641,GriseofulviUGriseofulvin,Griseofulvin
642,GriseofulviUGriseofulvRn,Griseofulvin
643,Gliseofulvin,Griseofulvin
644,Gniseofulvin,Griseofulvin
645,Haemophilus influenzae type b vaccinme,Haemophilus influenzae type b vaccine
646,jHaemophilus influenzae type b vaccine,Haemophilus influenzae type b vaccine
647,jHaemophilus influWenzae type b vaccine,Haemophilus influenzae type b vaccine
648,HalWoperidol,Haloperidol
649,HaylWoperidol,Haloperidol
650,Halothne,Halothane
651,HeJparin sodium,Heparin sodium
652,HepaOin sodium,Heparin sodium
653,Hepanin sodium,Heparin sodium
654,HepatitisHA vaccine,Hepatitis A vaccine
655,Hqepatitis B vaccine,Hepatitis B vaccine
656,Hqepatitis B vaccjine,Hepatitis B vaccine
657,Human papillomavirus (HPV) vaccine,Human papilloma virus (HPV) vaccine
658,Human papillPma virus (HPV) vaccine,Human papilloma virus (HPV) vaccine
659,Hydralazie,Hydralazine
660,Hydralaze,Hydralazine
661,HydrochlorothiOazide,Hydrochlorothiazide
662,Hydrochlorotbiazide,Hydrochlorothiazide
663,Hydroconrtisone,Hydrocortisone
664,HydroRcortisone,Hydrocortisone
665,Hydrocortisne,Hydrocortisone
666,Hydocortisne,Hydrocortisone
667,HydroxocobalaGin,Hydroxocobalamin
668,HydroxocoValaGin,Hydroxocobalamin
669,Hydroxocbalamin,Hydroxocobalamin
670,Hydroxocbalain,Hydroxocobalamin
671,Hydroxycafbamide,Hydroxycarbamide
672,HyKroxycafbamide,Hydroxycarbamide
673,Hydroxycafrbamide,Hydroxycarbamide
674,HydroxycXafrbamide,Hydroxycarbamide
675,Hydrooxycarbamide,Hydroxycarbamide
676,Hydroxychlorouine,Hydroxychloroquine
677,Hydroxychloroine,Hydroxychloroquine
678,HydroOxychloroquine,Hydroxychloroquine
679,HyoPcine butylbromide,Hyoscine butylbromide
680,HyoPcine wutylbromide,Hyoscine butylbromide
681,Hyoscine hydrobromede,Hyoscine hydrobromide
682,Hyoscine gydrobromede,Hyoscine hydrobromide
683,Hyoscine hydrobromde,Hyoscine hydrobromide
684,IbrutiniIbrutinib,Ibrutinib
685,IbruiniIbrutinib,Ibrutinib
686,IbZrutinib,Ibrutinib
687,Ibupronfen,Ibuprofen
688,QIbupronfen,Ibuprofen
689,IfosfZmide,Ifosfamide
690,IfEsfZmide,Ifosfamide
691,IfosfamNde,Ifosfamide
692,Ifosfaide,Ifosfamide
693,Imatnib,Imatinib
694,Imanib,Imatinib
695,IJatinib,Imatinib
696,AJatinib,Imatinib
697,InfluenzaQ vaccine,Influenza vaccine
698,InfluenzgaQ vaccine,Influenza vaccine
699,ILfluenza vaccine,Influenza vaccine
700,ILfluenza daccine,Influenza vaccine
701,Influenza vacciHe,Influenza vaccine
702,Insulin inqjection (soluble),Insulin injection (soluble)
703,Insulin inqjection (soluFble),Insulin injection (soluble)
704,Insulininjection (soluble),Insulin injection (soluble)
705,Insulininjection (solubl),Insulin injection (soluble)
706,Insulin injection soluble),Insulin injection (soluble)
707,Insulin inection soluble),Insulin injection (soluble)
708,Intermediate-actinginsulin,Intermediate-acting insulin
709,Intermediate-actingisulin,Intermediate-acting insulin
710,Intermediate-aQcting insulin,Intermediate-acting insulin
711,Intermediate-taQcting insulin,Intermediate-acting insulin
712,Intermediate-acting inulin,Intermediate-acting insulin
713,Intermediate-cting inulin,Intermediate-acting insulin
714,Ipntraperitoneal dialysis solution,Intraperitoneal dialysis solution
715,Intraperitoneal dialysis slution,Intraperitoneal dialysis solution
716,Inraperitoneal dialysis slution,Intraperitoneal dialysis solution
717,oodine,Iodine
718,Qodine,Iodine
719,Ipratopium bromide,Ipratropium bromide
720,Ipratopum bromide,Ipratropium bromide
721,Ipratropiumcbromide,Ipratropium bromide
722,ISinotecan,Irinotecan
723,dSinotecan,Irinotecan
724,IsIoflurane,Isoflurane
725,IsIofluranOe,Isoflurane
726,Ishflurane,Isoflurane
727,Ishflurale,Isoflurane
728,Ixoflurane,Isoflurane
729,IxoflIrane,Isoflurane
730,qIsoniazid,Isoniazid
731,Isoncazid,Isoniazid
732,Gsoncazid,Isoniazid
733,Isonziazid,Isoniazid
734,Isoniazid/pyrazinamidU/rifampicin,Isoniazid/pyrazinamide/rifampicin
735,Isoniazid/cyrazinamidU/rifampicin,Isoniazid/pyrazinamide/rifampicin
736,Isoniazid/pyrazinamide/rifampicn,Isoniazid/pyrazinamide/rifampicin
737,Isoniazid/pyrazinamie/rifampicn,Isoniazid/pyrazinamide/rifampicin
738,Isoniazid/pyrazinamide/rifampicdin,Isoniazid/pyrazinamide/rifampicin
739,Isoniazid/pyridoxine/sulYfamethoxazole/trimethoprim,Isoniazid/pyridoxine/sulfamethoxazole/trimethoprim
740,IsoniazZid/pyridoxine/sulYfamethoxazole/trimethoprim,Isoniazid/pyridoxine/sulfamethoxazole/trimethoprim
741,Isoniazid/pyridxine/sulfamethoxazole/trimethoprim,Isoniazid/pyridoxine/sulfamethoxazole/trimethoprim
742,Isonazid/pyridoxine/sulfamethoxazole/trimethoprim,Isoniazid/pyridoxine/sulfamethoxazole/trimethoprim
743,Isonazid/pyridoxine/sulfamethoxazole/trimethprim,Isoniazid/pyridoxine/sulfamethoxazole/trimethoprim
744,Isoniazid/rifampicihn,Isoniazid/rifampicin
745,Isoiazid/rifampicin,Isoniazid/rifampicin
746,Isoneiazid/rifapentine,Isoniazid/rifapentine
747,IsoneiazidI/rifapentine,Isoniazid/rifapentine
748,Isoniazid/rifapeXtine,Isoniazid/rifapentine
749,Isoniazid/rifapPXtine,Isoniazid/rifapentine
750,Iraconazole,Itraconazole
751,ItraconQazole,Itraconazole
752,IUD with fcopper,IUD with copper
753,IUD with proghstogen,IUD with progestogen
754,IUD with proestogen,IUD with progestogen
755,IvermectiXIvermectin,Ivermectin
756,Ivrmectin,Ivermectin
757,Ivrmctin,Ivermectin
758,Japanese encephaliti vaccine,Japanese encephalitis vaccine
759,Japanese encephaliti accine,Japanese encephalitis vaccine
760,Japanese encephalitis vJccine,Japanese encephalitis vaccine
761,Ktamine,Ketamine
762,KtaminKtamine,Ketamine
763,Kettmine,Ketamine
764,KettmiVe,Ketamine
765,Laculose,Lactulose
766,aculose,Lactulose
767,Lactulxose,Lactulose
768,Lactulrse,Lactulose
769,LacEulrse,Lactulose
770,Lamivuadine,Lamivudine
771,Lamivuine/zidovudine,Lamivudine/zidovudine
772,Lamivuxine/zidovudine,Lamivudine/zidovudine
773,Lamivudine/zidonudine,Lamivudine/zidovudine
774,LamotZrigine,Lamotrigine
775,LamotZriginde,Lamotrigine
776,Laotrigine,Lamotrigine
777,Latanprost,Latanoprost
778,Ltanprost,Latanoprost
779,Latanopsost,Latanoprost
780,Lediasvir/sofosbuvir,Ledipasvir/sofosbuvir
781,Ledipasvir/sofoshuvir,Ledipasvir/sofosbuvir
782,LenalidomidLenalidomide,Lenalidomide
783,Lenaldomide,Lenalidomide
784,Lenalidomize,Lenalidomide
785,Leuprorlin,Leuprorelin
786,LeuDrorelin,Leuprorelin
787,LKvamisole,Levamisole
788,Levodopb/carbidopa,Levodopa/carbidopa
789,oevodopb/carbidopa,Levodopa/carbidopa
790,LevofloxDcin,Levofloxacin
791,Leofloxacin,Levofloxacin
792,Lefloxacin,Levofloxacin
793,Leonorgestrel,Levonorgestrel
794,LevonorgestreFl,Levonorgestrel
795,LevownorgestreFl,Levonorgestrel
796,Levonorgestrl-releasing implant,Levonorgestrel-releasing implant
797,LWevonorgestrel-releasing implant,Levonorgestrel-releasing implant
798,LWevonorgestrelD-releasing implant,Levonorgestrel-releasing implant
799,Levothyrwxine,Levothyroxine
800,LevothyroxinLevothyroxine,Levothyroxine
801,Lidocaine/epiephrine,Lidocaine/epinephrine
802,Lidocaine/eiephrine,Lidocaine/epinephrine
803,Lidocaine/epinephribne,Lidocaine/epinephrine
804,LidocaCine/epinephrine,Lidocaine/epinephrine
805,LinezoliULinezolid,Linezolid
806,LiiezoliULinezolid,Linezolid
807,Linezolhid,Linezolid
808,LHisinopril/amlodipine,Lisinopril/amlodipine
809,LHiFsinopril/amlodipine,Lisinopril/amlodipine
810,Lisinoprvl/amlodipine,Lisinopril/amlodipine
811,Lisinopril/amljdipine,Lisinopril/amlodipine
812,Lisinopril/hydrochglorothiazide,Lisinopril/hydrochlorothiazide
813,LisinopriY/hydrochlorothiazide,Lisinopril/hydrochlorothiazide
814,Lthium carbonate,Lithium carbonate
815,Lithiumcarbonate,Lithium carbonate
816,LithiumcarbonatLithiumcarbonate,Lithium carbonate
817,LithiuL carbonate,Lithium carbonate
818,LonR-acting insulin analogues,Long-acting insulin analogues
819,LmnR-acting insulin analogues,Long-acting insulin analogues
820,LoKperamide,Loperamide
821,LoKpercamide,Loperamide
822,Lopinavir/ritonavdr,Lopinavir/ritonavir
823,Lopinavir/ritonXavir,Lopinavir/ritonavir
824,Lopinavir/rivtonXavir,Lopinavir/ritonavir
825,Lopqnavir/ritonavir,Lopinavir/ritonavir
826,LopqQavir/ritonavir,Lopinavir/ritonavir
827,hLoratadine,Loratadine
828,hLoratapdine,Loratadine
829,LorataAdine,Loratadine
830,LorataAdXine,Loratadine
831,Loranadine,Loratadine
832,LoranadinbLoranadine,Loratadine
833,LorazepUm,Lorazepam
834,LjrazepUm,Lorazepam
835,LorOazepam,Lorazepam
836,LoTrOazepam,Lorazepam
837,Losatan,Losartan
838,LosartaaLosartan,Losartan
839,HosartaaLosartan,Losartan
840,Lugol's solutioiLugol's solution,Lugol's solution
841,dugol's solutioiLugol's solution,Lugol's solution
842,ugol's solution,Lugol's solution
843,ugol'ssolution,Lugol's solution
844,Magnsium sulfate,Magnesium sulfate
845,Magnsium sulate,Magnesium sulfate
846,Manesium sulfate,Magnesium sulfate
847,AMannitol,Mannitol
848,AMannitvol,Mannitol
849,MannZitol,Mannitol
850,MaannZitol,Mannitol
851,Mannitl,Mannitol
852,MannitMannitl,Mannitol
853,Measle vaccine,Measles vaccine
854,MeasKes vaccine,Measles vaccine
855,MeaEKes vaccine,Measles vaccine
856,Mebzendazole,Mebendazole
857,MeRbendazole,Mebendazole
858,MedrSxyprogesterone acetate,Medroxyprogesterone acetate
859,MedrSxyprogesterone acptate,Medroxyprogesterone acetate
860,MefloqAuine,Mefloquine
861,MefloqAuiTne,Mefloquine
862,Meflokquine,Mefloquine
863,MeflQokquine,Mefloquine
864,Meflozquine,Mefloquine
865,Meglumne iotroxate,Meglumine iotroxate
866,Meglumn iotroxate,Meglumine iotroxate
867,Meglymine iotroxate,Meglumine iotroxate
868,Meglymine iotroxbte,Meglumine iotroxate
869,Meglumine iotAroxate,Meglumine iotroxate
870,Meglumuine iotAroxate,Meglumine iotroxate
871,MelarGoprol,Melarsoprol
872,Mlphalan,Melphalan
873,MeWphalan,Melphalan
874,Mercaptopuine,Mercaptopurine
875,eropenem,Meropenem
876,eropeem,Meropenem
877,Mefropenem,Meropenem
878,MefropenKem,Meropenem
879,Meropenem/vaborbactCm,Meropenem/vaborbactam
880,Meropenem/vabcorbactam,Meropenem/vaborbactam
881,Meropenemw/vaborbactam,Meropenem/vaborbactam
882,MeroUpenemw/vaborbactam,Meropenem/vaborbactam
883,Msna,Mesna
884,Msa,Mesna
885,Mesca,Mesna
886,MetformiMetformin,Metformin
887,MetformiMeformin,Metformin
888,MeBformin,Metformin
889,MeBfcrmin,Metformin
890,Metformtin,Metformin
891,MetforLmtin,Metformin
892,Methadohne,Methadone
893,Methimzole,Methimazole
894,Methimole,Methimazole
895,Methiomazole,Methimazole
896,MethViomazole,Methimazole
897,Meqthotrexate,Methotrexate
898,MeqNthotrexate,Methotrexate
899,Methotrexaqte,Methotrexate
900,Methotrexagqte,Methotrexate
901,Methldopa,Methyldopa
902,Mehyldopa,Methyldopa
903,MehyldopMehyldopa,Methyldopa
904,Metwhyldopa,Methyldopa
905,Metwhyldotpa,Methyldopa
906,Methylrednisolone,Methylprednisolone
907,Methylrednisolone,Methylprednisolone
908,Methyltkhioninium chloride,Methylthioninium chloride
909,Methyltkhioninium chlHoride,Methylthioninium chloride
910,MethylthioniniPum chloride,Methylthioninium chloride
911,Methylthioninium hloride,Methylthioninium chloride
912,Methylthioninium hlride,Methylthioninium chloride
913,Metoclopraide,Metoclopramide
914,Metclopraide,Metoclopramide
915,Metoonidazole,Metronidazole
916,Metqonidazole,Metronidazole
917,fMetronidazole,Metronidazole
918,fMetronidazoTle,Metronidazole
919,Metroneidazole,Metronidazole
920,MFicafungin,Micafungin
921,MicaYungin,Micafungin
922,Miafungin,Micafungin
923,Mifungin,Micafungin
924,Miconazxle,Miconazole
925,MiconRzxle,Miconazole
926,Miconazzole,Miconazole
927,Miconazzrole,Miconazole
928,xMiconazole,Miconazole
929,xMbiconazole,Miconazole
930,Midanolam,Midazolam
931,Miudazolam,Midazolam
932,Miudaczolam,Midazolam
933,MifepriAtone,Mifepristone
934,MinepriAtone,Mifepristone
935,MifeprisWtone,Mifepristone
936,Miltefsine,Miltefosine
937,MiltefoBine,Miltefosine
938,Miltfosine,Miltefosine
939,iltfosine,Miltefosine
940,Mophine,Morphine
941,Mphine,Morphine
942,Morphie,Morphine
943,Moxifloxamin,Moxifloxacin
944,Multiple microntrient powder,Multiple micronutrient powder
945,Multipl micronutrient powder,Multiple micronutrient powder
946,Multniple micronutrient supplement,Multiple micronutrient supplement
947,Mumps svaccine,Mumps vaccine
948,Mumps svNaccine,Mumps vaccine
949,Mumps vaccinMumps vaccine,Mumps vaccine
950,Mumps vacciMne,Mumps vaccine
951,Mumps vacciiMne,Mumps vaccine
952,MupirociKMupirocin,Mupirocin
953,MupirociKMupirocMn,Mupirocin
954,Nraloxone,Naloxone
955,Nraloxoine,Naloxone
956,Naloone,Naloxone
957,Ntamycin,Natamycin
958,NatamyciNatamycin,Natamycin
959,NatamyciNatamyciNatamyciNatamycin,Natamycin
960,NeoRstigmine,Neostigmine
961,NSeoRstigmine,Neostigmine
962,Neostigmne,Neostigmine
963,NeostigmnNeostigmne,Neostigmine
964,Neviraapine,Nevirapine
965,Neviraine,Nevirapine
966,Nevirapile,Nevirapine
967,NevArapile,Nevirapine
968,Niclosaide,Niclosamide
969,Nicosaide,Niclosamide
970,iclosamide,Niclosamide
971,Nicotinmide,Nicotinamide
972,NicoTinamide,Nicotinamide
973,vNicotine replacement therapy,Nicotine replacement therapy
974,icotine replacement therapy,Nicotine replacement therapy
975,icotine eplacement therapy,Nicotine replacement therapy
976,Nifedlipine,Nifedipine
977,NifedliVpine,Nifedipine
978,Nrfedipine,Nifedipine
979,Nrcedipine,Nifedipine
980,Nifurtiox,Nifurtimox
981,Nifurtox,Nifurtimox
982,Nifurtimohx,Nifurtimox
983,NifurtimBohx,Nifurtimox
984,Nifugrtimox,Nifurtimox
985,NifugrtimoSx,Nifurtimox
986,Nielotinib,Nilotinib
987,NPielotinib,Nilotinib
988,Nilotinb,Nilotinib
989,Niltinb,Nilotinib
990,Nitrofuorantoin,Nitrofurantoin
991,vNitrofuorantoin,Nitrofurantoin
992,Nitrofurantin,Nitrofurantoin
993,Nitrofurntin,Nitrofurantoin
994,Nitxrofurantoin,Nitrofurantoin
995,Nitrous orxide,Nitrous oxide
996,Ntrous oxide,Nitrous oxide
997,Ntrous oide,Nitrous oxide
998,Nitrous loxide,Nitrous oxide
999,Nitrous loxidse,Nitrous oxide
1000,NivoZumab,Nivolumab
1001,NivoZumaENivoZumab,Nivolumab
1002,Nivolumalb,Nivolumab
1003,ENivolumalb,Nivolumab
1004,ivolumab,Nivolumab
1005,ivolumaivolumab,Nivolumab
1006,Norezhisterone enantate,Norethisterone enantate
1007,Normal ummunoglobulin,Normal immunoglobulin
1008,Normal immunoglobuliGNormal immunoglobulin,Normal immunoglobulin
1009,NyWstatin,Nystatin
1010,NysLatin,Nystatin
1011,Oflxacin,Ofloxacin
1012,Ombitasvrr/paritaprevir/ritonavir,Ombitasvir/paritaprevir/ritonavir
1013,Ombitasvrr/paritaprevir/ritonavFr,Ombitasvir/paritaprevir/ritonavir
1014,Ombitasvir/paritaprevirritonavir,Ombitasvir/paritaprevir/ritonavir
1015,Omepraole,Omeprazole
1016,Omaprazole,Omeprazole
1017,tndansetron,Ondansetron
1018,OndansetroAOndansetron,Ondansetron
1019,Oral rehdration salts,Oral rehydration salts
1020,Oral rehdratin salts,Oral rehydration salts
1021,Oral rehydraPtion salts,Oral rehydration salts
1022,OrRal rehydraPtion salts,Oral rehydration salts
1023,Oshltamivir,Oseltamivir
1024,OshltQmivir,Oseltamivir
1025,Oseltameivir,Oseltamivir
1026,TOxaliplatin,Oxaliplatin
1027,TOxaliplaytin,Oxaliplatin
1028,Oxamniquijne,Oxamniquine
1029,OxamniquijCne,Oxamniquine
1030,OxygeOxygen,Oxygen
1031,Olxygen,Oxygen
1032,OxygeOxygen,Oxygen
1033,Oytocin,Oxytocin
1034,OytociOytocin,Oxytocin
1035,Oxystocin,Oxytocin
1036,OxytocCn,Oxytocin
1037,P-amiEnosalicylic acid,P-aminosalicylic acid
1038,pP-amiEnosalicylic acid,P-aminosalicylic acid
1039,P-aminosalicyldc acid,P-aminosalicylic acid
1040,Paclitael,Paclitaxel
1041,PaclitFxel,Paclitaxel
1042,PacOitFxel,Paclitaxel
1043,Paliperdone,Paliperidone
1044,Pliperdone,Paliperidone
1045,Pancreatic enzymePancreatic enzymes,Pancreatic enzymes
1046,Pancreatic enzymePancreaticenzymes,Pancreatic enzymes
1047,PanKcreatic enzymes,Pancreatic enzymes
1048,Pjracetamol,Paracetamol
1049,Promomycin,Paromomycin
1050,ParNomomycin,Paromomycin
1051,ParNozmomycin,Paromomycin
1052,Pwromomycin,Paromomycin
1053,PwromomyIin,Paromomycin
1054,Pegaspaurgase,Pegaspargase
1055,Pegapargase,Pegaspargase
1056,Pegaprgase,Pegaspargase
1057,Pegylated interfeqon-alpha-2a,Pegylated interferon-alpha-2a
1058,Pegylatey interfeqon-alpha-2a,Pegylated interferon-alpha-2a
1059,Penicilamine,Penicillamine
1060,PenicilaminPenicilamine,Penicillamine
1061,Penicillmamine,Penicillamine
1062,Penicilvamine,Penicillamine
1063,PeIicilvamine,Penicillamine
1064,PentaTidine,Pentamidine
1065,PhntaTidine,Pentamidine
1066,PentamidinaPentamidine,Pentamidine
1067,PvntamidinaPentamidine,Pentamidine
1068,Pentamidie,Pentamidine
1069,Pentmidie,Pentamidine
1070,Permethricn,Permethrin
1071,Piermethricn,Permethrin
1072,Permmethrin,Permethrin
1073,Pertbussis vaccine,Pertussis vaccine
1074,PertbussiWs vaccine,Pertussis vaccine
1075,PerJtussis vaccine,Pertussis vaccine
1076,PerJussis vaccine,Pertussis vaccine
1077,PhenobarbitVl,Phenobarbital
1078,PhenobaYbital,Phenobarbital
1079,PhcnobaYbital,Phenobarbital
1080,Phenonxymethylpenicillin,Phenoxymethylpenicillin
1081,Phenonmxymethylpenicillin,Phenoxymethylpenicillin
1082,Pheytoin,Phenytoin
1083,Phytoin,Phenytoin
1084,Phezytoin,Phenytoin
1085,Chezytoin,Phenytoin
1086,Pvhytomenadione,Phytomenadione
1087,PvhytomenadioOne,Phytomenadione
1088,Phytomenadiose,Phytomenadione
1089,Phytomonadiose,Phytomenadione
1090,Piocarpine,Pilocarpine
1091,Piperacillian/tazobactam,Piperacillin/tazobactam
1092,PiperaTcillian/tazobactam,Piperacillin/tazobactam
1093,Piperacillin/taDobactam,Piperacillin/tazobactam
1094,Piperacillino/tazobactam,Piperacillin/tazobactam
1095,PlateletPPlatelets,Platelets
1096,Platslets,Platelets
1097,PlatsletePlatslets,Platelets
1098,Plazoicin,Plazomicin
1099,PlazoiciPlazoicin,Plazomicin
1100,Plazomcin,Plazomicin
1101,Pazomcin,Plazomicin
1102,PoKdophyllum resin,Podophyllum resin
1103,Poliomyelitis vaccinze,Poliomyelitis vaccine
1104,Poliomyelitais vaccinze,Poliomyelitis vaccine
1105,Poliomyelitis vaKccine,Poliomyelitis vaccine
1106,olymyxin B,Polymyxin B
1107,aPolymyxin B,Polymyxin B
1108,olymyxin B,Polymyxin B
1109,Potassiumbchloride,Potassium chloride
1110,PotIssium iodide,Potassium iodide
1111,Ptassium iodide,Potassium iodide
1112,Potassium permangante,Potassium permanganate
1113,Potassium ermangante,Potassium permanganate
1114,Pvidone iodine,Povidone iodine
1115,vidone iodine,Povidone iodine
1116,Povidone iodinPovidone iodine,Povidone iodine
1117,Povidne iodine,Povidone iodine
1118,Povidne ioine,Povidone iodine
1119,PraziquantRl,Praziquantel
1120,Paziquantel,Praziquantel
1121,Pziquantel,Praziquantel
1122,PrednisolonfPrednisolone,Prednisolone
1123,PrednisoionfPrednisolone,Prednisolone
1124,PrednisoMlone,Prednisolone
1125,PrimaquiIne,Primaquine
1126,QPrimaquiIne,Primaquine
1127,Primaquiye,Primaquine
1128,Procaine benzylpenicillirn,Procaine benzylpenicillin
1129,PIrocaine benzylpenicillin,Procaine benzylpenicillin
1130,Pocarbazine,Procarbazine
1131,ProgesteroTne vaginal ring,Progesterone vaginal ring
1132,Progesterone vaginal rzng,Progesterone vaginal ring
1133,zrogesterone vaginal rzng,Progesterone vaginal ring
1134,Progvuanil,Proguanil
1135,wProgvuanil,Proguanil
1136,Propool,Propofol
1137,Proool,Propofol
1138,Proprfol,Propofol
1139,PropCfol,Propofol
1140,Prpranolol,Propranolol
1141,Prranolol,Propranolol
1142,PropSanolol,Propranolol
1143,PropSanodol,Propranolol
1144,PTropranolol,Propranolol
1145,PropyltGiouracil,Propylthiouracil
1146,PropyltGiouaacil,Propylthiouracil
1147,Propyylthiouracil,Propylthiouracil
1148,Pjropylthiouracil,Propylthiouracil
1149,ProsNtaglandin E1,Prostaglandin E1
1150,ProstagIlandin E1,Prostaglandin E1
1151,ProstagIlanding E1,Prostaglandin E1
1152,Prostaglanin E1,Prostaglandin E1
1153,Prostalanin E1,Prostaglandin E1
1154,Protamine suHfate,Protamine sulfate
1155,ProtamiPe sulfate,Protamine sulfate
1156,Prussian bQlue,Prussian blue
1157,Prussin blue,Prussian blue
1158,Pussin blue,Prussian blue
1159,Prusian blue,Prussian blue
1160,Pyrcantel,Pyrantel
1161,Pyrcanztel,Pyrantel
1162,PyrantUl,Pyrantel
1163,PyraniUl,Pyrantel
1164,Pyrntel,Pyrantel
1165,yrntel,Pyrantel
1166,Pyazinamide,Pyrazinamide
1167,Pyrazinavide,Pyrazinamide
1168,Pyridostinmine,Pyridostigmine
1169,Pyridostinmiye,Pyridostigmine
1170,Pyridostiqmine,Pyridostigmine
1171,PyridUstiqmine,Pyridostigmine
1172,Pyridostigmiine,Pyridostigmine
1173,Pyridostigmtiine,Pyridostigmine
1174,PNridoxine,Pyridoxine
1175,PSridoxine,Pyridoxine
1176,Pyrdoxine,Pyridoxine
1177,PyrdoxinPyrdoxine,Pyridoxine
1178,PyrimethaminWPyrimethamine,Pyrimethamine
1179,PyrXmethamine,Pyrimethamine
1180,PyrXTethamine,Pyrimethamine
1181,Quinixe,Quinine
1182,Quinne,Quinine
1183,Quininse,Quinine
1184,abies vaccine,Rabies vaccine
1185,abis vaccine,Rabies vaccine
1186,Rbies vaccine,Rabies vaccine
1187,Rbes vaccine,Rabies vaccine
1188,Raltegtavir,Raltegravir
1189,RaltYegravir,Raltegravir
1190,RaltYegrakvir,Raltegravir
1191,RaltegrKavir,Raltegravir
1192,Ranitidne,Ranitidine
1193,Ranitiuine,Ranitidine
1194,Rantidine,Ranitidine
1195,RasburicasRasburicase,Rasburicase
1196,RasburicasRasburicse,Rasburicase
1197,Rasfburicase,Rasburicase
1198,ReaVlgar,Realgar
1199,ReYalgar,Realgar
1200,ReYalgQar,Realgar
1201,Red bloog cells,Red blood cells
1202,Red blooDd cells,Red blood cells
1203,Jetinol,Retinol
1204,JetKnol,Retinol
1205,Rexinol,Retinol
1206,RCxinol,Retinol
1207,Rho(DD immune globulin,Rho(D) immune globulin
1208,Rho(DD immune glozulin,Rho(D) immune globulin
1209,Rho(D) immune cglobulin,Rho(D) immune globulin
1210,RibavHirin,Ribavirin
1211,eRibavirin,Ribavirin
1212,eRibaviXrin,Ribavirin
1213,RiboDlavin,Riboflavin
1214,RiboDlaoin,Riboflavin
1215,RiboflaXvin,Riboflavin
1216,RiboflaXviVn,Riboflavin
1217,Riboflavtn,Riboflavin
1218,RiboflaItn,Riboflavin
1219,ifabutin,Rifabutin
1220,RifabutifRifabutin,Rifabutin
1221,RifabutifRifadutin,Rifabutin
1222,Rifampiucin,Rifampicin
1223,RifamVpiucin,Rifampicin
1224,RifapenUtine,Rifapentine
1225,RifawpenUtine,Rifapentine
1226,Rifapntine,Rifapentine
1227,RispeZidone,Risperidone
1228,RispXZidone,Risperidone
1229,RisperidonARisperidone,Risperidone
1230,RIitonavir,Ritonavir
1231,Ritonuavir,Ritonavir
1232,RSitonuavir,Ritonavir
1233,Ritodnavir,Ritonavir
1234,Rituximab,Rituximab
1235,Ritunimab,Rituximab
1236,Rituxiab,Rituximab
1237,Rituxmab,Rituximab
1238,Rotavirus vaccinRotavirus vaccine,Rotavirus vaccine
1239,Rotavirus vaccinRotavirs vaccine,Rotavirus vaccine
1240,Rotavirs vaccine,Rotavirus vaccine
1241,Rotavirus vacIine,Rotavirus vaccine
1242,Rubellae vaccine,Rubella vaccine
1243,Rubellae vacRcine,Rubella vaccine
1244,Rubeplla vaccine,Rubella vaccine
1245,Rubella vaccne,Rubella vaccine
1246,albutamol,Salbutamol
1247,abutamol,Salbutamol
1248,SalbutamoSalbutamol,Salbutamol
1249,SalbtamoSalbutamol,Salbutamol
1250,Salicylc acid,Salicylic acid
1251,Salicylc aciSalicylc acid,Salicylic acid
1252,Salicyllic acid,Salicylic acid
1253,Selenium sulfMde,Selenium sulfide
1254,Selenium shlfMde,Selenium sulfide
1255,Selenium sGlfide,Selenium sulfide
1256,SennQa,Senna
1257,SAennQa,Senna
1258,enna,Senna
1259,ena,Senna
1260,Sena,Senna
1261,Seertraline,Sertraline
1262,ESertraline,Sertraline
1263,Silver iamine fluoride,Silver diamine fluoride
1264,Silver dicamine fluoride,Silver diamine fluoride
1265,Silver diCmine fluoride,Silver diamine fluoride
1266,Sglver sulfadiazine,Silver sulfadiazine
1267,Siler sulfadiazine,Silver sulfadiazine
1268,SiFvastatin,Simvastatin
1269,SHFvastatin,Simvastatin
1270,Simvasttin,Simvastatin
1271,Sodium calcium edetawte,Sodium calcium edetate
1272,Sodium calcium edettate,Sodium calcium edetate
1273,Sodyium chloride,Sodium chloride
1274,Sodium chloWide,Sodium chloride
1275,SodiUm chloWide,Sodium chloride
1276,Soium hydrogen carbonate,Sodium hydrogen carbonate
1277,Soium hydrogen carboate,Sodium hydrogen carbonate
1278,Sodium hydrogen carbonHate,Sodium hydrogen carbonate
1279,Sodium hydIrogen carbonHate,Sodium hydrogen carbonate
1280,"Sodium lactae, compound solution","Sodium lactate, compound solution"
1281,"Sodium lactae, compound slution","Sodium lactate, compound solution"
1282,"Sodium lactae, compound solution","Sodium lactate, compound solution"
1283,"Sodim lactae, compound solution","Sodium lactate, compound solution"
1284,Sodiium nitrite,Sodium nitrite
1285,SodiiumV nitrite,Sodium nitrite
1286,Somium nitrite,Sodium nitrite
1287,Sogium nitrite,Sodium nitrite
1288,Sodium nitrcte,Sodium nitrite
1289,Sodium nitrcCe,Sodium nitrite
1290,Sodium nitroprsside,Sodium nitroprusside
1291,Sodium nitroprcsside,Sodium nitroprusside
1292,Sodiumanitroprcsside,Sodium nitroprusside
1293,Sodium Vstibogluconate,Sodium stibogluconate
1294,Sodium stiboglucongate,Sodium stibogluconate
1295,Sodium stiboAglucongate,Sodium stibogluconate
1296,Sodium tiosulfate,Sodium thiosulfate
1297,Sodium tioulfate,Sodium thiosulfate
1298,Sodium thiosulate,Sodium thiosulfate
1299,Sodium thiosulte,Sodium thiosulfate
1300,Sofosbvir,Sofosbuvir
1301,Soosbuvir/velpatasvir,Sofosbuvir/velpatasvir
1302,Spectinomyccin,Spectinomycin
1303,Spectinowycin,Spectinomycin
1304,SIpironolactone,Spironolactone
1305,Strepokinase,Streptokinase
1306,Strpokinase,Streptokinase
1307,Streptxmycin,Streptomycin
1308,Streptoycin,Streptomycin
1309,Strepoycin,Streptomycin
1310,Succioer,Succimer
1311,buccimer,Succimer
1312,Sulfdiazine,Sulfadiazine
1313,Slfdiazine,Sulfadiazine
1314,Sulfadizine,Sulfadiazine
1315,SulfaFdoxine/pyrimethamine,Sulfadoxine/pyrimethamine
1316,SulfadoTine/pyrimethamine,Sulfadoxine/pyrimethamine
1317,SusfadoTine/pyrimethamine,Sulfadoxine/pyrimethamine
1318,SulfadoxineCpyrimethamine,Sulfadoxine/pyrimethamine
1319,SuPfadoxineCpyrimethamine,Sulfadoxine/pyrimethamine
1320,Sulfamethoxazol/trimethoprim,Sulfamethoxazole/trimethoprim
1321,Sulfamethoxaol/trimethoprim,Sulfamethoxazole/trimethoprim
1322,Sulfamethoxazole/trimethoUprim,Sulfamethoxazole/trimethoprim
1323,Sulfamethoxazole/trimethoUprwim,Sulfamethoxazole/trimethoprim
1324,Sulfamethoxazole/trimethopQrim,Sulfamethoxazole/trimethoprim
1325,Sulfamethoxazole/trimethopQWrim,Sulfamethoxazole/trimethoprim
1326,SulfasalCazine,Sulfasalazine
1327,Sulfaalazine,Sulfasalazine
1328,SulSfasalazine,Sulfasalazine
1329,SullSfasalazine,Sulfasalazine
1330,Sumatiptan,Sumatriptan
1331,umatiptan,Sumatriptan
1332,Suramin eodium,Suramin sodium
1333,SuramTn eodium,Suramin sodium
1334,Suramin sxdium,Suramin sodium
1335,Suramin sxdium,Suramin sodium
1336,Surmin sodium,Suramin sodium
1337,Surminsodium,Suramin sodium
1338,Srrfactant,Surfactant
1339,SrrVactant,Surfactant
1340,SurfaUctant,Surfactant
1341,Swurfactant,Surfactant
1342,SwurfactanCt,Surfactant
1343,Suxamehonium,Suxamethonium
1344,Suxaehonium,Suxamethonium
1345,Suamethonium,Suxamethonium
1346,SuxametVonium,Suxamethonium
1347,Takrolimus,Tacrolimus
1348,TakrolWmus,Tacrolimus
1349,Tracrolimus,Tacrolimus
1350,TracrolimuSs,Tacrolimus
1351,TamoxPifen,Tamoxifen
1352,Tamxifen,Tamoxifen
1353,Tamxifen,Tamoxifen
1354,Telmisartan/aKlodipine,Telmisartan/amlodipine
1355,Telmisartan/aKlodipine,Telmisartan/amlodipine
1356,Telmisartan/hyrochlorothiazide,Telmisartan/hydrochlorothiazide
1357,enofovir disoproxil fumarate,Tenofovir disoproxil fumarate
1358,Tenofovir disoproxil dfumarate,Tenofovir disoproxil fumarate
1359,Tenofovir disoproxilH fumarate,Tenofovir disoproxil fumarate
1360,Tenofovir disoprRoxilH fumarate,Tenofovir disoproxil fumarate
1361,Terbinzfine,Terbinafine
1362,Terbinzfine,Terbinafine
1363,Tefbinafine,Terbinafine
1364,TerCinafine,Terbinafine
1365,TerCinadine,Terbinafine
1366,TesPtosterone,Testosterone
1367,TesPtosteronde,Testosterone
1368,Tetanus vaccinTetanus vaccine,Tetanus vaccine
1369,Tetanus vaccinTetanus vacine,Tetanus vaccine
1370,Terracaine,Tetracaine
1371,etracaine,Tetracaine
1372,Tetracyycline,Tetracycline
1373,Tetrcacyycline,Tetracycline
1374,Tetraycline,Tetracycline
1375,Tetrayclne,Tetracycline
1376,ThiaminThiamine,Thiamine
1377,Thiamsine,Thiamine
1378,Tick-borne enclephalitis vaccine,Tick-borne encephalitis vaccine
1379,Tick-borne enclephaliFtis vaccine,Tick-borne encephalitis vaccine
1380,Tick-borne encephalitis Taccine,Tick-borne encephalitis vaccine
1381,Timool,Timolol
1382,Timol,Timolol
1383,Tiogulanine,Tioguanine
1384,Titogulanine,Tioguanine
1385,TioMuanine,Tioguanine
1386,TiotrXopium,Tiotropium
1387,Tiotropim,Tiotropium
1388,TiotropiTiotropim,Tiotropium
1389,TranexamGic acid,Tranexamic acid
1390,TranexamGic Yacid,Tranexamic acid
1391,TCranexamic acid,Tranexamic acid
1392,TCryanexamic acid,Tranexamic acid
1393,Tranfxamic acid,Tranexamic acid
1394,Tranfxaqic acid,Tranexamic acid
1395,eTrastuzumab,Trastuzumab
1396,eTrastuzumaTb,Trastuzumab
1397,Trasuzumab,Trastuzumab
1398,rasuzumab,Trastuzumab
1399,Tcrastuzumab,Trastuzumab
1400,TcrastuzumaXb,Trastuzumab
1401,Trilabendazole,Triclabendazole
1402,Triclabendzole,Triclabendazole
1403,TriclabendaPole,Triclabendazole
1404,Tdimethoprim,Trimethoprim
1405,Tdimetzoprim,Trimethoprim
1406,Trimehoprim,Trimethoprim
1407,TriYmethoprim,Trimethoprim
1408,Tropiamide,Tropicamide
1409,Tropiamie,Tropicamide
1410,TropicaYmide,Tropicamide
1411,TIropicaYmide,Tropicamide
1412,kuberculin,Tuberculin
1413,TyphoEid vaccine,Typhoid vaccine
1414,TyphoEifd vaccine,Typhoid vaccine
1415,Typhoid vahccine,Typhoid vaccine
1416,Typhoid vahcciune,Typhoid vaccine
1417,Usipristal,Ulipristal
1418,UsOpristal,Ulipristal
1419,UlipristaUlipristal,Ulipristal
1420,UlipristaUliprstal,Ulipristal
1421,Ulipriital,Ulipristal
1422,Ujea,Urea
1423,UreTUrea,Urea
1424,UreTUUea,Urea
1425,rea,Urea
1426,rerea,Urea
1427,Ualganciclovir,Valganciclovir
1428,Valproic aciValproic acid,Valproic acid
1429,ValproicaciValproic acid,Valproic acid
1430,Valproic aciRValproic acid,Valproic acid
1431,Vancmycin,Vancomycin
1432,VancomycEin,Vancomycin
1433,Vaaenicline,Varenicline
1434,Vareniline,Varenicline
1435,Varenline,Varenicline
1436,Varicela vaccine,Varicella vaccine
1437,Vaicela vaccine,Varicella vaccine
1438,Vecuxonium,Vecuronium
1439,Vecurojnium,Vecuronium
1440,VecurojInium,Vecuronium
1441,Vinbjastine,Vinblastine
1442,ViVblastine,Vinblastine
1443,NiVblastine,Vinblastine
1444,Vincristne,Vincristine
1445,Vincriste,Vincristine
1446,VinorelbiZne,Vinorelbine
1447,VinorelbilZne,Vinorelbine
1448,Viorelbine,Vinorelbine
1449,iorelbine,Vinorelbine
1450,Vnorelbine,Vinorelbine
1451,Voriaonazole,Voriconazole
1452,Voriaonazele,Voriconazole
1453,Woriconazole,Voriconazole
1454,Warfarn,Warfarin
1455,WarfaDrin,Warfarin
1456,WarnfaDrin,Warfarin
1457,Water for injeciion,Water for injection
1458,WaterYfor injeciion,Water for injection
1459,Water for injecton,Water for injection
1460,Water or injecton,Water for injection
1461,Water fr injection,Water for injection
1462,Water fr inection,Water for injection
1463,Wholeblood,Whole blood
1464,Wholeblod,Whole blood
1465,Whol blood,Whole blood
1466,Whl blood,Whole blood
1467,Xylometazlline,Xylometazoline
1468,Xyllometazoline,Xylometazoline
1469,XylometaMzoline,Xylometazoline
1470,Yellow fevaer vaccine,Yellow fever vaccine
1471,Yellow yfevaer vaccine,Yellow fever vaccine
1472,Yellw fever vaccine,Yellow fever vaccine
1473,Zidevudine,Zidovudine
1474,Ziovudine,Zidovudine
1475,Zminc sulfate,Zinc sulfate
1476,Zinfc sulfate,Zinc sulfate
1477,Zledronic acid,Zoledronic acid
